{
  "project_info": {
    "project_number": "270054351853",
    "project_id": "chatapplication-b564a",
    "storage_bucket": "chatapplication-b564a.appspot.com"
  },
  "client": [
    {
      "client_info": {
        "mobilesdk_app_id": "1:270054351853:android:974037fd54c058a9537de4",
        "android_client_info": {
          "package_name": "com.example.chatapplication"
        }
      },
      "oauth_client": [
        {
          "client_id": "270054351853-aot9l197ovpedv6b7tgmjeu1ed1jfqdl.apps.googleusercontent.com",
          "client_type": 3
        }
      ],
      "api_key": [
        {
          "current_key": "AIzaSyB4CuRdaXHku7j94gSwCfL6GoQAjHaCERw"
        }
      ],
      "services": {
        "appinvite_service": {
          "other_platform_oauth_client": [
            {
              "client_id": "270054351853-aot9l197ovpedv6b7tgmjeu1ed1jfqdl.apps.googleusercontent.com",
              "client_type": 3
            }
          ]
        }
      }
    }
  ],
  "configuration_version": "1"
}