{
  "project_info": {
    "project_number": "466671765890",
    "project_id": "kotha-dbf7e",
    "storage_bucket": "kotha-dbf7e.appspot.com"
  },
  "client": [
    {
      "client_info": {
        "mobilesdk_app_id": "1:466671765890:android:2c2e352ac42001ceca279b",
        "android_client_info": {
          "package_name": "com.example.kotha"
        }
      },
      "oauth_client": [
        {
          "client_id": "466671765890-m3urdjcm5fsr4114hhbi9gv6o8qvfiii.apps.googleusercontent.com",
          "client_type": 3
        }
      ],
      "api_key": [
        {
          "current_key": "AIzaSyCncF7v3PoAh1hjL9KSk2BzVMM_YtiCbyY"
        }
      ],
      "services": {
        "appinvite_service": {
          "other_platform_oauth_client": [
            {
              "client_id": "466671765890-m3urdjcm5fsr4114hhbi9gv6o8qvfiii.apps.googleusercontent.com",
              "client_type": 3
            }
          ]
        }
      }
    }
  ],
  "configuration_version": "1"
}